transaction_id,payer_tax_id,payee_tax_id,amount,payment_date,supplier_vat,buyer_vat,net_amount,vat_rate,invoice_date,financial_institution_id,account_number,balance,report_period
1,427741615,301920000,585.29,2024-08-02,EU679064,,105.73,27.6,2024-07-18,FI8417,AC1994743,7151.27,2024Q1
2,228500249,945270708,123.57,2024-08-26,EU875291,EU436647,284.27,15.45,2024-08-24,FI9914,AC5722994,4172.75,2024Q2
3,396233462,952243057,253.43,2024-09-06,EU183347,EU903125,299.43,15.99,2024-05-18,FI6763,AC9400224,5530.92,2024Q2
4,909211459,391682263,346.81,2024-06-15,EU453304,EU804494,419.07,14.46,2024-01-08,FI3597,AC2737944,5304.83,2024Q3
5,982980455,492095252,300.71,2024-03-22,EU785059,,344.51,15.05,2024-01-17,FI5457,AC8207509,2541.7,2024Q1
6,349162937,690382716,248.23,2024-07-13,EU506348,EU822466,180.58,25.11,2024-07-24,FI4973,AC6600479,6223.76,2024Q2
7,265338510,135870173,96.98,2024-07-12,EU368210,EU569966,154.94,21.59,2024-06-08,FI1745,AC5143566,1290.53,2024Q2
8,159574807,609511199,158.6,2024-06-17,EU470577,EU895030,220.23,21.02,2024-07-05,FI8877,AC9897473,1519.16,2024Q2
9,104812360,706600560,408.75,2024-01-02,EU168678,EU756533,244.87,29.35,2024-02-07,FI5169,AC6190897,5576.89,2024Q3
10,472560217,156144106,461.36,2024-08-31,EU125709,EU405609,318.06,16.72,2024-05-31,FI2958,AC8725557,5803.01,2024Q3
11,409457262,782589334,314.5,2024-04-11,EU294829,EU408417,322.3,19.23,2024-04-26,FI3343,AC5192460,-414.63,2024Q1
12,827448106,908032926,174.57,2024-05-12,EU643607,EU721491,213.18,9.99,2024-07-07,FI8657,AC1890977,6316.74,2024Q2
13,179194842,952584610,314.36,2024-08-15,EU705094,EU132618,193.97,22.57,2024-08-19,FI9079,AC3451087,3435.04,2024Q2
14,168334472,124232020,263.99,2024-08-15,EU203631,EU568280,234.99,8.96,2024-08-24,FI2162,AC2032349,-1492.47,2024Q3
15,219248870,152777361,381.84,2024-01-21,EU231042,EU288243,266.62,28.71,2024-03-03,FI9359,AC5497433,4305.04,2024Q3
16,869786948,305184394,317.74,2024-08-11,EU853963,EU156394,158.85,16.57,2024-06-11,FI6354,AC9456499,3447.45,2024Q1
17,610248368,383326464,206.73,2024-03-29,EU514828,EU863865,441.85,19.3,2024-02-17,FI2380,AC8747897,-491.62,2024Q1
18,330807423,698924160,328.6,2024-03-06,EU983614,EU299432,312.35,26.58,2024-07-30,FI8615,AC3970605,2440.48,2024Q2
19,447201927,543844834,123.09,2024-08-23,EU686193,EU430969,90.18,18.78,2024-06-02,FI9682,AC6296221,320.65,2024Q2
20,662387884,267747235,423.0,2024-02-20,EU808485,EU988908,227.92,23.01,2024-03-19,FI7977,AC3217236,1970.02,2024Q2
21,713932544,652612983,477.35,2024-08-23,EU308632,EU443381,392.74,18.19,2024-01-30,FI1328,AC9039150,10321.05,2024Q3
22,383194443,708740470,123.22,2024-07-18,EU249644,EU135836,405.23,11.83,2024-05-18,FI3492,AC8558976,4757.7,2024Q3
23,848743479,414014121,363.16,2024-08-05,EU618312,,235.56,22.07,2024-06-15,FI1361,AC5461070,2510.45,2024Q2
24,263834106,170266659,151.31,2024-05-14,EU222581,EU257161,31.84,21.13,2024-02-02,FI1132,AC7468682,-1331.83,2024Q3
25,840097030,569812053,460.75,2024-02-16,EU687176,EU487553,230.99,33.11,2024-07-17,FI2446,AC8604123,8506.89,2024Q3
26,785448979,892683494,435.62,2024-04-15,EU943337,EU156709,55.46,15.81,2024-08-25,FI3635,AC2558398,6603.22,2024Q1
27,933359292,738241965,265.47,2024-04-24,EU581438,EU569342,480.54,14.34,2024-06-08,FI6300,AC7447848,481.72,2024Q1
28,512200639,617009240,449.24,2024-01-05,EU274650,EU400246,295.64,17.81,2024-05-04,FI8447,AC7796343,7097.6,2024Q2
29,968115781,462833340,235.34,2024-03-05,EU352803,EU420737,167.56,20.96,2024-05-10,FI8162,AC3325228,-1613.38,2024Q1
30,871067704,101329366,203.55,2024-01-31,EU920539,EU326439,192.03,18.41,2024-04-16,FI6819,AC6860871,6215.37,2024Q1
31,878273944,611351895,214.69,2024-04-24,EU340676,EU658076,146.45,21.89,2024-04-26,FI1209,AC2285943,4225.5,2024Q1
32,154046903,569411292,278.87,2024-01-19,EU319383,EU388631,258.25,17.68,2024-03-20,FI8048,AC5505735,2108.7,2024Q3
33,206941365,623577587,251.49,2024-05-08,EU198469,EU841758,538.05,20.35,2024-02-14,FI7949,AC2363325,4084.09,2024Q3
34,103275888,941936779,323.15,2024-07-22,EU758463,EU896683,141.38,22.64,2024-07-16,FI8940,AC5457172,2202.89,2024Q3
35,531854331,706442507,207.74,2024-04-26,EU686628,EU299729,330.0,29.41,2024-04-13,FI2153,AC4323055,5787.34,2024Q2
36,121019837,519993461,414.7,2024-03-25,EU909476,EU669045,348.01,23.03,2024-07-30,FI6578,AC7618489,7751.45,2024Q3
37,959549632,683559574,453.15,2024-06-16,EU572507,EU574384,354.32,16.21,2024-04-03,FI6979,AC5114005,6096.84,2024Q2
38,535056930,308647068,225.62,2024-04-01,EU241588,EU380596,229.41,29.87,2024-04-17,FI8205,AC4137934,5297.91,2024Q3
39,847550921,485376349,85.92,2024-02-17,EU571468,EU664272,254.4,18.73,2024-02-17,FI3497,AC2243892,6603.96,2024Q2
40,308262606,121704039,408.58,2024-08-13,EU790180,EU442739,387.21,23.05,2024-03-08,FI1798,AC3803784,11835.31,2024Q1
41,275077926,455938614,470.78,2024-05-10,EU634005,EU829559,113.48,21.44,2024-08-25,FI8901,AC6739890,5781.49,2024Q1
42,783451140,826860458,275.51,2024-01-31,EU500486,EU440518,292.11,26.21,2024-06-10,FI9596,AC2645853,8805.44,2024Q2
43,905861870,749641352,107.02,2024-03-03,EU122134,EU546175,467.81,26.82,2024-06-17,FI3534,AC2214652,4448.2,2024Q1
44,671958409,806911910,340.01,2024-02-05,EU846251,EU914220,311.59,26.52,2024-03-03,FI3230,AC6361538,10203.34,2024Q1
45,953950295,141107546,528.7,2024-04-05,EU668107,EU600075,296.21,14.59,2024-06-11,FI1253,AC3032082,-1466.81,2024Q3
46,200556259,633434513,18.55,2024-03-09,EU839592,EU979828,19.95,22.02,2024-09-03,FI7184,AC5022045,5811.33,2024Q2
47,678315459,336773520,371.69,2024-07-19,EU169754,EU361959,177.27,22.78,2024-03-15,FI2449,AC8287430,7206.93,2024Q3
48,101760328,209446727,252.95,2024-01-20,EU349603,EU369355,283.08,29.82,2024-08-16,FI6672,AC2403544,1228.58,2024Q2
49,561602643,734283638,171.65,2024-05-09,EU264126,EU877426,522.65,17.98,2024-07-03,FI6798,AC6730443,4676.96,2024Q1
50,825906352,940844344,374.73,2024-04-25,EU741318,EU290362,485.71,21.03,2024-06-21,FI7953,AC3825555,12543.63,2024Q3
51,930456065,883331573,105.18,2024-08-10,EU671079,EU618924,18.84,29.08,2024-04-10,FI6690,AC3566903,8109.51,2024Q3
52,531532432,838740990,344.54,2024-03-09,EU976471,,320.36,24.81,2024-04-28,FI2453,AC2676118,4029.77,2024Q3
53,979820150,544780718,496.99,2024-01-07,EU360817,EU244129,137.31,23.84,2024-07-27,FI9801,AC6985195,3713.6,2024Q2
54,588352684,620901699,326.5,2024-08-10,EU835012,EU909269,194.22,26.16,2024-04-07,FI9582,AC1861892,2646.06,2024Q3
55,625638236,230793175,168.55,2024-03-12,EU646898,EU115778,232.52,20.95,2024-06-01,FI1342,AC5054410,3596.41,2024Q3
56,964355068,895319214,33.1,2024-08-23,EU406185,EU237938,143.06,26.88,2024-07-29,FI4477,AC5069358,7151.15,2024Q3
57,524155415,891307036,107.71,2024-06-04,EU613567,EU302970,324.51,13.98,2024-03-28,FI7353,AC9813865,2940.8,2024Q1
58,597745418,383670188,23.82,2024-08-06,EU142175,EU603488,252.31,15.51,2024-07-11,FI8391,AC9960027,2663.68,2024Q2
59,213879785,586730020,539.94,2024-03-14,EU673793,EU165689,113.3,8.99,2024-04-22,FI6579,AC6151655,7056.55,2024Q3
60,477604899,714081567,262.58,2024-04-23,EU755374,EU778067,357.48,20.55,2024-04-09,FI2481,AC7207038,2563.32,2024Q3
61,943986368,723656240,143.23,2024-04-02,EU549332,EU610908,271.19,22.85,2024-07-02,FI8919,AC3371891,4033.14,2024Q2
62,180090429,204380968,105.27,2024-02-10,EU998757,EU101894,131.61,12.89,2024-08-11,FI2528,AC4130670,1947.77,2024Q1
63,992982663,897598330,139.91,2024-02-12,EU302380,EU112698,217.62,16.78,2024-03-24,FI8204,AC4747034,3294.78,2024Q3
64,374855063,267646101,249.62,2024-06-15,EU362591,EU801712,151.26,25.06,2024-06-30,FI6149,AC1193877,4561.73,2024Q1
65,871276892,777250235,107.61,2024-05-16,EU328426,EU357183,255.43,35.0,2024-01-19,FI6489,AC3574394,3970.15,2024Q3
66,411923447,284604927,551.45,2024-08-16,EU274108,EU826852,312.09,19.22,2024-07-06,FI9013,AC1467752,2958.82,2024Q3
67,712959456,323153180,187.89,2024-03-15,EU612510,EU825842,315.65,25.43,2024-02-01,FI2522,AC3534962,4942.95,2024Q3
68,211879829,824204551,182.61,2024-04-04,EU659301,EU783624,290.72,20.31,2024-02-25,FI3704,AC3276427,5396.57,2024Q1
69,458664548,430469931,346.16,2024-06-28,EU880669,EU941031,354.55,17.1,2024-02-12,FI7535,AC9864170,3094.44,2024Q3
70,971203747,363359834,517.59,2024-01-22,EU778052,EU178198,429.78,11.2,2024-09-06,FI3566,AC3612960,1723.78,2024Q3
71,302873313,137791877,498.6,2024-08-11,EU413708,EU527599,175.36,25.24,2024-02-28,FI3757,AC6794269,3673.18,2024Q2
72,542288707,729693772,226.83,2024-06-02,EU386817,EU394698,133.75,18.87,2024-06-18,FI8361,AC4696206,9995.34,2024Q1
73,358596731,847802433,338.31,2024-03-10,EU496383,EU197542,213.73,16.35,2024-05-17,FI6726,AC6873049,6742.95,2024Q2
74,776025563,209671637,322.39,2024-08-10,EU242449,EU916151,219.73,29.28,2024-04-17,FI6866,AC3063516,301.59,2024Q1
75,240530145,811735897,379.48,2024-06-22,EU228530,EU418184,229.72,20.8,2024-02-20,FI7995,AC9015985,2009.46,2024Q2
76,616903955,498896113,338.36,2024-08-23,EU397859,EU897129,108.14,19.92,2024-08-09,FI3239,AC5074963,3592.23,2024Q1
77,834411675,953588057,158.43,2024-06-08,EU791408,EU562094,24.52,35.0,2024-03-15,FI4024,AC4220155,5928.03,2024Q3
78,998047492,970810614,110.97,2024-02-24,EU385039,EU294064,283.93,10.73,2024-04-15,FI6847,AC6403065,3753.3,2024Q3
79,887448595,350236282,326.35,2024-08-08,EU762549,EU799254,386.72,20.83,2024-08-17,FI2527,AC1976299,4540.67,2024Q1
80,824806779,276833126,122.47,2024-03-24,EU485961,EU218837,259.47,15.28,2024-06-16,FI3076,AC1355749,9964.71,2024Q1
81,800044574,776141163,504.48,2024-07-03,EU227580,EU723888,130.06,23.42,2024-02-18,FI2712,AC3983337,5664.85,2024Q2
82,771832805,830478361,305.99,2024-06-11,EU616057,EU406185,147.63,20.13,2024-08-02,FI7594,AC4617234,4394.12,2024Q2
83,287131721,572137086,146.09,2024-01-30,EU960739,EU422895,166.83,18.78,2024-04-22,FI7189,AC1228869,9983.62,2024Q3
84,875033821,119163716,251.75,2024-03-01,EU128520,EU788805,62.68,18.0,2024-02-23,FI2747,AC6239752,3197.93,2024Q3
85,500742353,481374877,223.9,2024-01-24,EU260213,EU299557,363.68,24.85,2024-07-31,FI6482,AC9134066,6358.08,2024Q3
86,316204703,785876374,280.31,2024-03-28,EU889638,EU662938,453.14,15.77,2024-02-15,FI7431,AC8451726,3494.16,2024Q2
87,840340866,804030752,441.88,2024-01-24,EU557789,EU175003,212.63,24.07,2024-04-01,FI4823,AC8337455,7410.98,2024Q1
88,116987219,767526614,83.34,2024-06-18,EU506099,EU532806,215.57,23.46,2024-02-28,FI5300,AC7083299,7571.2,2024Q3
89,857862322,497780706,19.86,2024-03-07,EU419289,EU942971,315.34,14.15,2024-08-01,FI5952,AC3484693,960.47,2024Q3
90,629379730,298592522,350.71,2024-03-23,EU275232,EU236983,363.98,9.31,2024-06-26,FI7330,AC5820294,3243.03,2024Q2
91,677157141,626331213,273.41,2024-05-21,EU482800,EU773785,239.82,19.42,2024-07-29,FI8399,AC6421986,3424.89,2024Q2
92,774190967,243903395,324.48,2024-05-14,EU440059,EU456168,344.23,25.0,2024-06-02,FI1676,AC9818859,3671.46,2024Q2
93,198381379,145329313,366.68,2024-05-16,EU840964,EU200109,340.9,26.84,2024-04-06,FI8186,AC6855940,1976.06,2024Q2
94,139237835,221420400,272.84,2024-03-21,EU675955,EU201074,279.52,16.69,2024-08-07,FI5506,AC4488734,5618.32,2024Q3
95,808179898,739954384,419.95,2024-07-17,EU882854,EU631884,158.14,16.76,2024-02-12,FI3087,AC3215195,7269.98,2024Q1
96,766574895,153888964,166.05,2024-05-03,EU693521,EU998801,154.2,18.57,2024-05-19,FI5922,AC9600592,10681.77,2024Q3
97,106128400,293750935,309.66,2024-01-27,EU860584,EU204358,366.67,10.78,2024-06-06,FI1866,AC2445679,3747.67,2024Q3
98,818379532,283888384,175.39,2024-03-02,EU478655,EU556453,169.4,20.22,2024-06-15,FI8678,AC9630901,8558.2,2024Q1
99,496263773,575095122,130.51,2024-03-29,EU747489,EU516689,182.36,18.38,2024-03-08,FI8027,AC1006309,699.42,2024Q3
100,913901931,923166726,392.32,2024-06-14,EU437739,EU600332,293.07,18.6,2024-04-21,FI6449,AC3811580,6018.6,2024Q2
101,999342057,564646033,385.36,2024-03-17,EU424883,EU963812,504.8,12.4,2024-06-18,FI5292,AC2219225,-2604.66,2024Q3
102,236302985,363531778,8.7,2024-04-21,EU294337,EU625372,318.82,19.34,2024-01-12,FI5257,AC5936654,5205.5,2024Q3
103,204563532,456225038,131.7,2024-03-06,EU162356,EU514642,361.18,16.37,2024-07-28,FI9710,AC6490646,7722.35,2024Q2
104,892975171,977549230,343.8,2024-01-09,EU538487,EU296928,97.58,23.14,2024-07-20,FI3440,AC9244840,7152.45,2024Q1
105,942502766,839484959,460.53,2024-05-16,EU767363,EU409874,304.16,22.73,2024-06-10,FI6455,AC8850374,2636.72,2024Q3
106,982479740,348195976,200.11,2024-06-15,EU604271,EU933562,2.58,16.21,2024-06-14,FI7997,AC5943344,4580.37,2024Q1
107,885609013,393882957,272.43,2024-02-11,EU226906,EU126147,156.46,21.56,2024-04-07,FI2590,AC7947313,5064.07,2024Q3
108,976136444,468815273,88.0,2024-07-16,EU285155,,92.14,23.24,2024-02-08,FI5386,AC3959837,7465.5,2024Q2
109,328185999,790741402,676.62,2024-02-15,EU817358,EU302632,226.64,19.12,2024-05-05,FI2605,AC2662618,-98.25,2024Q3
110,760304699,317279079,371.27,2024-08-12,EU129357,EU685925,291.81,24.24,2024-06-19,FI1216,AC3399824,4643.1,2024Q1
111,352770339,111271508,434.19,2024-06-01,EU325456,EU148885,325.39,18.84,2024-03-10,FI4896,AC7116799,5861.48,2024Q3
112,740460592,348734231,398.7,2024-01-22,EU646973,EU888520,43.89,7.84,2024-01-31,FI2632,AC1788387,6801.96,2024Q1
113,497691140,563408823,439.99,2024-05-18,EU186190,EU180335,401.77,25.32,2024-02-12,FI8774,AC5646813,6939.42,2024Q3
114,346589227,954273948,391.21,2024-04-06,EU293848,EU546178,188.29,13.48,2024-07-23,FI9923,AC4580946,6449.77,2024Q2
115,609089242,949120604,249.72,2024-04-19,EU911390,EU472425,225.91,23.23,2024-04-12,FI2893,AC8552797,3348.03,2024Q1
116,716877622,126390223,411.6,2024-05-26,EU753208,EU282827,113.6,18.69,2024-04-28,FI7037,AC8273704,4576.06,2024Q2
117,937725739,231725101,311.87,2024-04-12,EU807753,,16.66,25.7,2024-09-06,FI9060,AC6596488,9471.71,2024Q1
118,949992687,648304832,494.49,2024-06-02,EU937816,EU927633,330.72,25.46,2024-04-14,FI9749,AC6548220,3911.97,2024Q2
119,522628567,732348417,189.67,2024-07-21,EU377589,EU279789,217.11,17.15,2024-06-22,FI7697,AC5455087,1509.75,2024Q1
120,783901901,813756440,218.81,2024-03-24,EU448219,EU255343,272.61,19.81,2024-07-06,FI4032,AC1238319,9136.78,2024Q3
121,794538279,269248359,399.17,2024-05-31,EU715398,,43.88,16.21,2024-02-10,FI6234,AC1097445,6259.12,2024Q3
122,492889475,741877796,491.95,2024-03-11,EU859050,EU583127,151.77,24.28,2024-03-25,FI5180,AC5771217,3826.37,2024Q3
123,480390813,713691946,321.77,2024-05-24,EU675542,EU335598,199.38,14.24,2024-04-18,FI7640,AC4144903,4451.17,2024Q3
124,663115916,558109999,193.12,2024-04-29,EU961679,EU729898,184.3,19.4,2024-07-18,FI1880,AC6632943,6037.09,2024Q1
125,239833804,496405590,282.16,2024-01-09,EU361195,EU291457,361.89,18.81,2024-06-02,FI9016,AC8958063,3591.29,2024Q2
126,352259151,205408084,225.27,2024-07-24,EU316753,EU978392,36.0,18.41,2024-05-04,FI5688,AC6089065,607.33,2024Q1
127,270278685,412237256,584.53,2024-02-22,EU913578,EU520950,12.2,26.55,2024-04-17,FI1182,AC9306074,6779.8,2024Q1
128,510591798,118298199,434.81,2024-05-15,EU875537,EU541812,170.23,15.16,2024-05-26,FI2356,AC6985994,7412.29,2024Q3
129,310002293,701602429,489.67,2024-08-30,EU809279,EU208155,220.29,18.84,2024-07-26,FI1104,AC3756035,6702.93,2024Q2
130,754503573,211173147,345.23,2024-04-14,EU292772,EU927861,425.36,18.73,2024-02-08,FI3291,AC3814324,1884.79,2024Q1
131,687878444,958064078,216.73,2024-03-22,EU693997,EU228226,156.07,18.72,2024-06-15,FI8170,AC8835676,7210.41,2024Q1
132,883625179,453089686,475.99,2024-03-07,EU979093,EU614789,150.19,18.54,2024-01-05,FI4776,AC2522970,751.61,2024Q3
133,501736327,868262772,548.09,2024-03-05,EU883534,EU358257,332.78,25.39,2024-05-01,FI4298,AC4318187,2163.77,2024Q2
134,108261329,737274713,387.29,2024-01-06,EU810580,EU691909,249.5,14.59,2024-04-28,FI9587,AC1726132,6951.77,2024Q2
135,419657962,868822389,296.36,2024-09-06,EU738808,EU862041,298.49,22.79,2024-08-07,FI2880,AC8227684,10267.14,2024Q2
136,732123887,121784253,462.15,2024-03-14,EU171961,EU101443,260.91,23.51,2024-06-07,FI9125,AC3954466,1145.81,2024Q2
137,316547525,690487479,244.33,2024-02-06,EU929755,EU348151,398.03,26.67,2024-08-28,FI6631,AC3692983,6078.32,2024Q3
138,253831524,720257262,414.68,2024-02-21,EU611622,EU986082,356.86,23.52,2024-04-24,FI5794,AC3105582,3142.32,2024Q1
139,810823092,167432990,193.26,2024-05-23,EU591323,EU373508,215.23,11.22,2024-06-21,FI6073,AC5670300,3628.88,2024Q1
140,964732137,234403178,154.45,2024-06-10,EU313409,EU751329,393.63,21.66,2024-05-29,FI2577,AC5248493,4562.66,2024Q2
141,808247721,372502702,384.97,2024-08-25,EU751133,EU875178,187.63,24.15,2024-03-21,FI4135,AC3343667,3494.07,2024Q2
142,134164765,452644951,350.69,2024-06-29,EU673203,EU208300,320.11,16.39,2024-07-01,FI5398,AC7939049,7647.59,2024Q2
143,950921754,497113190,585.65,2024-06-23,EU855485,,249.56,23.92,2024-03-01,FI9482,AC4866916,5043.7,2024Q2
144,185391168,918094523,257.98,2024-02-18,EU346609,EU207299,26.5,18.99,2024-04-20,FI7579,AC3331360,5957.47,2024Q1
145,206946300,487488344,303.52,2024-02-21,EU759496,EU453701,277.47,23.55,2024-01-10,FI1068,AC8021118,2819.98,2024Q1
146,607250878,519290454,129.01,2024-09-06,EU213003,EU623152,192.25,27.2,2024-07-11,FI9603,AC8197019,4987.53,2024Q2
147,299246550,575414683,19.61,2024-02-26,EU349985,EU300995,322.83,17.05,2024-01-30,FI5984,AC4678943,7374.03,2024Q2
148,999200738,640604267,32.88,2024-02-14,EU943622,EU100482,354.86,20.23,2024-02-20,FI2471,AC1291476,9714.2,2024Q1
149,196164876,104231697,369.47,2024-08-24,EU128428,EU182786,145.38,26.21,2024-05-25,FI1725,AC4380631,1465.0,2024Q3
150,572470150,231346484,123.5,2024-05-23,EU929439,EU273053,53.08,21.14,2024-07-21,FI1734,AC8133658,2262.31,2024Q1
151,310462626,846593881,469.02,2024-04-23,EU736434,EU914430,283.0,20.11,2024-05-25,FI9795,AC9470505,3013.24,2024Q3
152,221176507,237266397,513.34,2024-05-26,EU411056,EU513933,230.71,20.2,2024-01-27,FI5815,AC9149180,1377.38,2024Q2
153,689651566,459715429,257.19,2024-03-05,EU696029,EU991293,147.97,18.54,2024-01-09,FI8622,AC4936792,7009.75,2024Q3
154,946862196,206525438,548.76,2024-02-23,EU181546,EU341627,279.53,16.97,2024-05-12,FI3763,AC3203231,3590.44,2024Q1
155,851270385,272466399,334.08,2024-07-18,EU884116,EU525571,62.25,14.91,2024-03-08,FI5112,AC3402817,9165.86,2024Q1
156,641488477,861103930,468.74,2024-02-23,EU910049,EU355938,275.19,19.86,2024-01-24,FI2922,AC2940284,1145.58,2024Q3
157,316805862,461585155,266.14,2024-07-26,EU883484,EU147692,398.96,18.31,2024-01-26,FI4008,AC4280829,5356.8,2024Q2
158,178058730,280229022,443.88,2024-07-05,EU492624,EU810404,16.58,18.09,2024-01-12,FI9914,AC2681159,8430.03,2024Q2
159,912227089,176885965,158.5,2024-03-07,EU597987,EU316510,98.51,23.87,2024-04-15,FI3138,AC3599311,3560.53,2024Q1
160,274615375,107009528,393.4,2024-06-18,EU514691,EU598593,355.7,19.06,2024-07-21,FI8900,AC1168128,4583.94,2024Q2
161,626532657,904003559,231.12,2024-01-02,EU983607,EU542534,216.36,16.89,2024-05-14,FI5968,AC6951803,8968.08,2024Q3
162,639755958,211864894,280.42,2024-02-25,EU114889,EU608686,311.5,21.64,2024-05-08,FI8240,AC3504111,1468.57,2024Q1
163,683701836,723184896,394.76,2024-02-24,EU335564,EU220649,185.81,13.4,2024-04-17,FI8738,AC6325136,2758.97,2024Q1
164,214087529,197909226,325.91,2024-05-28,EU642768,EU636521,298.77,20.72,2024-01-22,FI5320,AC2921838,5410.21,2024Q1
165,854966710,345050732,288.84,2024-03-19,EU610053,EU161177,73.18,25.99,2024-07-02,FI3874,AC5629559,8140.0,2024Q3
166,300836783,298316152,409.17,2024-08-18,EU708688,EU588726,113.1,21.52,2024-04-28,FI2425,AC7334265,2997.77,2024Q1
167,737827493,225285820,420.48,2024-03-18,EU978959,EU814437,94.84,10.03,2024-06-17,FI3458,AC9767636,8633.23,2024Q3
168,493546327,536805365,92.25,2024-06-08,EU445412,EU357991,241.56,25.92,2024-05-22,FI1693,AC8349717,5144.95,2024Q1
169,731994005,642228524,383.84,2024-08-09,EU141025,EU120588,161.91,20.04,2024-06-16,FI1416,AC5654772,549.67,2024Q1
170,257756676,472307597,400.65,2024-03-31,EU356647,EU852445,157.61,23.32,2024-03-23,FI5902,AC8269726,-254.31,2024Q2
171,781818587,618179956,187.24,2024-06-20,EU264627,EU507491,133.09,17.05,2024-03-05,FI5299,AC7853448,8902.6,2024Q3
172,704650060,581950263,357.87,2024-04-19,EU418875,EU648266,571.87,18.19,2024-03-14,FI3375,AC7265163,8230.86,2024Q2
173,397435369,413227258,101.36,2024-03-08,EU233302,EU647300,299.86,17.16,2024-07-11,FI5220,AC2390389,564.0,2024Q2
174,559864838,697103072,515.9,2024-07-18,EU600409,EU491382,337.02,26.46,2024-04-16,FI2259,AC2736978,7318.96,2024Q2
175,369850849,748576694,264.35,2024-01-14,EU719529,EU353217,345.94,22.96,2024-07-07,FI1048,AC9082425,6697.68,2024Q3
176,863236437,562176587,288.22,2024-05-04,EU347451,EU584887,190.86,22.0,2024-08-20,FI2422,AC8265087,6266.06,2024Q2
177,931407774,117055979,479.61,2024-03-23,EU530547,,72.45,12.25,2024-04-29,FI3697,AC2710922,6348.24,2024Q3
178,528871531,247941728,278.59,2024-03-27,EU836136,EU107740,350.91,28.71,2024-02-14,FI9552,AC8064371,8433.59,2024Q1
179,278554675,526742503,389.83,2024-08-14,EU394669,EU578806,89.01,15.61,2024-08-08,FI6078,AC1570983,6989.71,2024Q3
180,405920247,344736390,142.89,2024-04-12,EU259550,EU955850,451.24,19.24,2024-07-05,FI9628,AC6384211,9950.57,2024Q1
181,133416375,398757424,214.54,2024-07-16,EU673904,EU739314,162.48,20.35,2024-08-31,FI7206,AC4591862,2139.55,2024Q2
182,145162105,985729667,91.13,2024-04-24,EU780373,,148.82,26.88,2024-03-16,FI1812,AC6742637,6603.94,2024Q1
183,157556876,325024934,268.77,2024-01-21,EU132654,EU882229,21.42,10.25,2024-04-11,FI7496,AC3766186,3290.24,2024Q2
184,130680140,786305847,454.66,2024-06-16,EU997076,EU628299,260.33,19.28,2024-05-14,FI5918,AC9086244,4505.01,2024Q1
185,866332781,960906462,333.54,2024-07-14,EU803369,EU228002,401.9,21.92,2024-04-02,FI1006,AC4688312,6597.55,2024Q3
186,831247524,712134788,432.64,2024-03-18,EU357719,EU846762,290.7,16.47,2024-02-14,FI6516,AC1533669,11460.62,2024Q1
187,709892039,338582376,146.07,2024-05-22,EU173179,EU837662,254.98,16.36,2024-01-13,FI8084,AC6857752,7434.66,2024Q2
188,914294714,234139166,167.52,2024-05-27,EU779835,EU997199,223.46,23.15,2024-08-16,FI3574,AC4122687,7264.34,2024Q1
189,338368553,926195246,230.17,2024-08-19,EU659378,EU795006,107.92,18.55,2024-07-07,FI6975,AC2162815,3941.2,2024Q2
190,277992591,735604023,385.89,2024-06-20,EU880477,EU896477,254.17,15.44,2024-02-11,FI6290,AC3157296,4369.72,2024Q1
191,371855403,656127030,353.46,2024-08-25,EU689680,EU653880,314.07,29.62,2024-07-24,FI5119,AC4876517,-342.46,2024Q3
192,562871867,347235059,297.71,2024-02-08,EU440145,EU217784,268.53,22.83,2024-08-21,FI2713,AC3913627,3029.77,2024Q3
193,759915602,773041499,393.39,2024-08-09,EU374853,EU881612,441.78,29.55,2024-03-12,FI9403,AC4682251,-918.93,2024Q3
194,436953919,827359193,277.29,2024-05-02,EU313463,EU905677,472.75,30.47,2024-08-30,FI3501,AC8671035,5875.93,2024Q3
195,472463516,562100415,296.77,2024-05-24,EU646262,EU715149,560.05,26.21,2024-07-17,FI6555,AC8232230,5866.27,2024Q1
196,923814544,452950210,495.73,2024-04-22,EU377536,,283.1,18.92,2024-05-11,FI2351,AC1318019,7313.29,2024Q1
197,898859141,728594325,212.06,2024-01-08,EU533890,EU676016,230.16,16.76,2024-01-26,FI9154,AC7764781,6860.57,2024Q1
198,650390819,731242988,327.4,2024-02-17,EU403584,EU223599,172.94,19.21,2024-06-03,FI2309,AC2272532,7813.66,2024Q1
199,367673165,836067540,541.79,2024-04-08,EU788135,EU903259,223.98,11.83,2024-05-05,FI8774,AC2961407,5082.11,2024Q3
200,447236981,466683850,315.29,2024-05-03,EU870091,EU340743,147.5,20.08,2024-05-26,FI1048,AC9780172,6677.91,2024Q3
201,783580119,809533169,405.98,2024-09-03,EU264893,EU219770,414.04,21.81,2024-04-02,FI5123,AC7744171,6179.98,2024Q3
202,945818847,932252965,209.0,2024-07-26,EU268575,EU548459,375.83,19.29,2024-02-08,FI3001,AC2448700,8762.79,2024Q1
203,668971425,879664172,593.48,2024-06-09,EU658383,EU188282,319.39,26.15,2024-03-02,FI8256,AC3600613,4369.0,2024Q1
204,306508077,840192945,37.44,2024-08-28,EU970986,EU866701,14.43,21.02,2024-06-27,FI1800,AC4370608,6789.9,2024Q1
205,290146164,604642385,129.85,2024-08-27,EU909714,EU371754,238.58,18.08,2024-05-18,FI7359,AC9721871,3485.93,2024Q1
206,421532379,309132855,141.92,2024-04-15,EU563603,EU337541,336.69,26.16,2024-03-10,FI2468,AC5932771,-2389.32,2024Q1
207,823343758,968923886,542.97,2024-03-25,EU322458,EU778609,203.08,29.35,2024-04-07,FI4491,AC7618451,11955.75,2024Q3
208,828098861,813042705,352.87,2024-07-22,EU590424,EU168343,257.3,18.79,2024-03-08,FI3844,AC1312558,6876.45,2024Q2
209,182277225,584166882,260.65,2024-07-04,EU507139,EU346107,321.8,18.74,2024-04-09,FI9113,AC4425945,5951.33,2024Q2
210,238427434,191108296,107.74,2024-08-19,EU843336,EU395736,317.47,15.17,2024-04-23,FI6285,AC9041520,2549.01,2024Q3
211,889302112,657394806,354.62,2024-02-26,EU327347,EU374616,347.09,12.65,2024-06-13,FI7067,AC8508209,4028.41,2024Q2
212,559456802,403507021,317.11,2024-08-12,EU766763,EU899974,212.88,21.89,2024-02-16,FI8820,AC4279407,5650.0,2024Q2
213,244629616,995991343,196.05,2024-06-11,EU183570,EU503260,159.73,18.14,2024-03-01,FI1347,AC7197820,3834.06,2024Q2
214,240208358,952465733,76.27,2024-03-22,EU751840,EU499920,473.03,22.86,2024-04-06,FI4593,AC2312361,9222.63,2024Q2
215,317080722,981672598,134.59,2024-07-15,EU344190,EU187582,358.96,22.26,2024-02-29,FI9416,AC5407689,-1635.47,2024Q1
216,301654537,551353395,332.01,2024-09-02,EU188523,EU580530,201.22,17.58,2024-01-13,FI3194,AC5736093,8089.01,2024Q1
217,197028041,110588114,346.65,2024-05-17,EU382590,EU536110,279.05,11.26,2024-08-05,FI3388,AC9520297,8489.23,2024Q3
218,204189867,541064001,310.97,2024-06-23,EU665209,EU373537,157.36,14.93,2024-06-15,FI1651,AC6752743,6581.83,2024Q2
219,155969793,633253045,277.26,2024-04-15,EU950529,EU822375,252.09,18.77,2024-05-04,FI7188,AC6493682,5135.42,2024Q2
220,826283551,608340256,34.69,2024-04-23,EU154836,EU715489,157.96,18.01,2024-02-17,FI1334,AC9472477,2601.43,2024Q2
221,217191566,765412788,307.32,2024-05-22,EU162013,EU714890,176.73,22.94,2024-01-07,FI5017,AC7657929,1501.46,2024Q2
222,644176336,195859059,145.12,2024-03-17,EU915486,EU506355,373.66,19.96,2024-07-24,FI8754,AC6305307,2041.81,2024Q1
223,783683481,410730439,306.27,2024-05-08,EU421747,EU274997,360.31,26.22,2024-08-13,FI3042,AC8287707,5054.56,2024Q3
224,630099697,690720029,369.76,2024-09-02,EU544593,EU352076,353.27,23.52,2024-07-31,FI2809,AC5609768,1723.52,2024Q3
225,948397294,419426636,198.63,2024-02-28,EU798522,EU901799,295.12,16.98,2024-08-02,FI6126,AC6213804,1580.8,2024Q2
226,656442785,402431232,146.54,2024-06-09,EU750782,EU739750,295.75,7.51,2024-04-28,FI9307,AC9093922,7244.46,2024Q1
227,922613973,623750629,449.04,2024-04-12,EU826784,EU694898,253.16,25.57,2024-01-04,FI7733,AC5966869,3909.58,2024Q2
228,787078355,435078402,352.77,2024-01-11,EU592111,EU315595,284.68,13.37,2024-03-08,FI2604,AC7158091,4837.01,2024Q1
229,509504320,372652054,204.51,2024-06-15,EU776362,EU456969,54.35,13.29,2024-07-03,FI9385,AC5071286,760.82,2024Q2
230,465500877,609725001,150.05,2024-07-09,EU748469,EU636903,139.15,19.67,2024-05-24,FI6193,AC2143952,11044.09,2024Q2
231,822736954,111540310,292.63,2024-06-14,EU205796,EU122799,358.42,23.57,2024-08-30,FI2621,AC4871308,3349.36,2024Q1
232,808230410,421798263,394.37,2024-08-07,EU412812,EU218385,280.87,20.69,2024-04-02,FI7345,AC1333976,3281.65,2024Q2
233,808536318,893108917,468.23,2024-04-28,EU939050,EU252568,421.78,22.98,2024-05-30,FI6625,AC8318425,6430.18,2024Q3
234,708138676,898969687,198.32,2024-01-11,EU514259,EU153736,302.09,17.01,2024-01-01,FI1891,AC9468912,5849.74,2024Q1
235,348401402,259767467,203.55,2024-04-07,EU838234,EU665999,424.28,26.76,2024-07-18,FI7356,AC1601922,1918.17,2024Q1
236,935607067,523810100,233.56,2024-04-01,EU343829,EU807178,90.33,20.72,2024-05-20,FI7526,AC6221362,4802.53,2024Q3
237,313520540,526333320,425.69,2024-07-24,EU134775,EU622492,4.5,15.47,2024-05-17,FI4401,AC8914219,3007.67,2024Q2
238,501112072,988649335,123.79,2024-02-10,EU452505,EU864901,315.32,20.76,2024-03-30,FI6576,AC4817111,7302.85,2024Q2
239,807452663,957176359,283.07,2024-05-17,EU776896,EU435938,142.22,24.96,2024-06-02,FI5207,AC1784832,9535.75,2024Q2
240,980770529,799002680,161.14,2024-08-17,EU741377,EU656645,275.27,16.77,2024-07-01,FI5219,AC3989373,10780.68,2024Q3
241,252595044,230548035,340.28,2024-01-26,EU108412,EU215211,350.73,32.65,2024-02-20,FI3426,AC9205406,5966.46,2024Q3
242,235436716,727613167,66.8,2024-01-31,EU985731,EU915639,352.28,21.22,2024-06-13,FI1558,AC2842684,8627.42,2024Q3
243,687511550,475165555,356.42,2024-07-02,EU650200,EU476935,204.97,24.92,2024-07-05,FI1354,AC3828485,-4096.5,2024Q1
244,348553395,686548039,225.5,2024-03-01,EU241958,EU822736,312.32,12.96,2024-07-25,FI2431,AC4147864,4006.47,2024Q3
245,222116918,920003440,266.39,2024-04-25,EU367328,EU362175,86.08,18.73,2024-08-27,FI6657,AC9817757,7182.53,2024Q3
246,292269610,106925072,378.86,2024-05-29,EU405906,EU996387,382.75,10.82,2024-08-16,FI9799,AC4428242,5718.39,2024Q3
247,407905884,810052422,471.57,2024-04-04,EU520618,,51.85,23.45,2024-03-15,FI5669,AC7747382,8652.76,2024Q3
248,135289607,506557447,45.45,2024-01-27,EU621845,EU897400,252.18,12.93,2024-04-21,FI1960,AC9539560,5727.65,2024Q1
249,694754289,736028237,450.53,2024-07-08,EU600748,,467.61,25.23,2024-07-09,FI3298,AC9260622,817.01,2024Q2
250,579389839,976231696,383.72,2024-01-25,EU791300,EU469811,239.39,13.5,2024-07-02,FI9508,AC1490533,2071.02,2024Q1
251,584853376,379859964,255.8,2024-06-20,EU166535,EU247747,263.28,25.67,2024-05-21,FI7947,AC9342179,6951.78,2024Q3
252,373255634,580463874,510.6,2024-05-31,EU446244,EU677168,392.21,21.93,2024-05-22,FI3436,AC4528546,151.12,2024Q2
253,686806503,886613607,328.3,2024-07-27,EU976897,EU986530,411.69,25.2,2024-05-04,FI6115,AC8501353,6502.5,2024Q3
254,742038764,947189636,494.02,2024-01-06,EU386207,EU228768,155.91,23.0,2024-04-18,FI2655,AC8343249,7397.95,2024Q1
255,199601856,850894018,211.08,2024-06-23,EU883675,EU217567,128.69,21.77,2024-06-01,FI3167,AC3951431,6800.65,2024Q1
256,176364844,791614749,169.99,2024-05-23,EU574194,EU963442,108.45,25.49,2024-04-03,FI8157,AC9742195,3276.32,2024Q2
257,206170889,172176869,483.7,2024-04-06,EU153127,EU166876,147.49,19.05,2024-05-07,FI6283,AC3738813,399.17,2024Q3
258,433360942,960846413,624.64,2024-03-17,EU109484,,472.87,14.03,2024-04-26,FI3686,AC5215831,4185.67,2024Q2
259,944802488,804964799,395.07,2024-08-21,EU142479,,167.2,30.82,2024-06-22,FI7988,AC3587409,6345.98,2024Q1
260,524227810,184736792,433.68,2024-03-14,EU415276,EU538079,362.46,19.28,2024-02-19,FI9552,AC6718742,9703.88,2024Q2
261,860438960,817196480,228.92,2024-01-21,EU927756,EU991212,372.48,25.87,2024-03-04,FI1512,AC8667455,2069.71,2024Q1
262,386759551,212795349,101.22,2024-04-12,EU220854,EU297739,404.35,23.25,2024-01-09,FI6687,AC1914469,4036.79,2024Q3
263,677975723,374704227,266.1,2024-02-17,EU121119,EU620714,393.55,20.08,2024-08-19,FI9393,AC6887081,5851.98,2024Q3
264,449426581,604038507,525.05,2024-07-03,EU105909,EU462687,161.34,21.69,2024-08-13,FI1635,AC2798483,6759.24,2024Q2
265,150641040,684499439,20.93,2024-01-02,EU465165,EU318565,64.91,21.02,2024-02-05,FI2724,AC4214499,4978.07,2024Q2
266,488032489,552966109,225.7,2024-07-07,EU147019,EU534513,239.84,21.94,2024-05-16,FI2058,AC4776392,6395.03,2024Q3
267,311378187,604449668,12.82,2024-02-13,EU877795,EU116337,120.22,16.68,2024-03-05,FI1864,AC4976803,10180.83,2024Q1
268,918884458,248025493,316.24,2024-05-18,EU266886,EU221830,474.56,16.66,2024-05-08,FI9148,AC2220560,5494.14,2024Q2
269,267406752,901176814,431.14,2024-03-18,EU429887,EU953516,144.26,12.21,2024-06-25,FI6714,AC2718079,6690.9,2024Q1
270,320989340,433720219,113.59,2024-07-03,EU838368,EU258565,311.1,23.58,2024-04-08,FI3184,AC7773053,6247.79,2024Q2
271,145440363,634173048,238.59,2024-09-02,EU908781,EU119165,121.54,33.93,2024-01-22,FI9008,AC4677956,4666.11,2024Q1
272,408018781,423442122,498.86,2024-02-26,EU345846,EU286695,214.26,12.48,2024-03-21,FI5464,AC8166298,4564.84,2024Q2
273,446347569,118356635,286.73,2024-03-06,EU230013,EU564996,142.88,8.47,2024-07-14,FI2432,AC6983789,4238.57,2024Q1
274,486838333,311023296,114.11,2024-01-13,EU766281,EU980395,228.91,10.02,2024-07-28,FI6610,AC4393461,7139.78,2024Q3
275,858546798,602085717,102.56,2024-01-11,EU480341,EU239749,512.57,15.85,2024-04-07,FI2516,AC6766559,7829.83,2024Q1
276,995945140,623248409,2.2,2024-01-11,EU503295,EU105290,379.23,14.32,2024-08-13,FI9830,AC5887119,-1202.33,2024Q1
277,561068272,481852525,415.99,2024-06-27,EU377657,EU870576,107.85,18.5,2024-02-13,FI5620,AC1284770,5382.96,2024Q3
278,192094175,591402179,188.08,2024-06-26,EU391025,EU831767,305.55,11.39,2024-05-15,FI9969,AC2467590,3003.7,2024Q2
279,187319175,723960069,457.6,2024-08-31,EU224045,EU728471,210.79,22.56,2024-07-18,FI2336,AC4342989,1943.99,2024Q1
280,599071068,710052992,430.05,2024-07-21,EU139085,EU757717,266.47,17.17,2024-09-06,FI6722,AC5431748,8441.18,2024Q3
281,532080367,418633645,201.0,2024-04-18,EU455789,EU567942,332.19,25.55,2024-01-26,FI4532,AC4421740,9588.82,2024Q2
282,570791994,736371217,220.81,2024-08-19,EU937393,EU264589,233.47,23.06,2024-07-20,FI7822,AC7448314,8694.63,2024Q3
283,905919410,670089255,416.8,2024-06-18,EU724644,EU322437,81.8,33.53,2024-05-17,FI4194,AC5411962,6693.41,2024Q3
284,626679728,309434263,322.41,2024-04-15,EU186793,EU778379,291.17,26.85,2024-05-25,FI6119,AC9797580,7514.87,2024Q1
285,798587982,380508903,340.17,2024-03-08,EU935134,EU248864,275.32,19.09,2024-05-24,FI8532,AC6101952,4829.3,2024Q2
286,202662703,899797954,52.94,2024-04-17,EU549765,EU387263,108.25,25.18,2024-08-21,FI5615,AC8634560,13762.98,2024Q3
287,577378174,423664851,434.66,2024-03-14,EU258885,EU976712,268.3,21.04,2024-03-17,FI2523,AC1937654,6496.44,2024Q3
288,192750782,952751318,168.7,2024-02-22,EU255936,EU748151,335.41,14.28,2024-01-25,FI8510,AC8616742,3367.57,2024Q1
289,739513037,962933836,40.43,2024-09-05,EU412472,EU587641,138.38,21.09,2024-07-05,FI9795,AC8267383,4166.04,2024Q1
290,216907219,440839476,207.46,2024-01-25,EU739829,EU386614,429.13,16.3,2024-03-03,FI4855,AC6423546,-2900.3,2024Q2
291,299013481,918437912,363.3,2024-02-07,EU404045,EU757805,291.41,22.99,2024-06-11,FI5888,AC1226925,6329.0,2024Q1
292,618112333,804298498,614.57,2024-07-25,EU424606,EU174866,393.57,22.39,2024-03-23,FI3131,AC8358774,5916.99,2024Q1
293,960605976,192703196,244.08,2024-02-04,EU989731,EU662515,385.11,20.48,2024-05-23,FI6000,AC2618025,-8.97,2024Q1
294,790259011,220329829,100.53,2024-08-31,EU344049,EU895210,263.52,14.39,2024-03-26,FI3409,AC7095670,5516.22,2024Q3
295,931502215,518821703,618.52,2024-02-01,EU995242,EU778089,294.26,24.42,2024-05-20,FI7645,AC2963750,3874.1,2024Q2
296,230735665,534731442,324.04,2024-07-21,EU431721,EU109219,165.58,21.78,2024-08-04,FI4447,AC3316550,3906.59,2024Q2
297,841143968,927995324,260.82,2024-04-08,EU619967,EU384429,110.55,16.25,2024-08-22,FI8807,AC7238740,2714.53,2024Q3
298,416963873,360466979,138.6,2024-08-26,EU430598,EU778027,293.45,26.99,2024-01-04,FI8941,AC5896213,7484.84,2024Q3
299,406401611,718265952,149.4,2024-03-21,EU800462,EU412989,133.33,20.72,2024-06-12,FI5776,AC8135650,8219.23,2024Q2
300,575798596,211032946,521.8,2024-07-18,EU439001,EU938987,211.22,18.67,2024-03-12,FI1947,AC5991625,5420.46,2024Q3
301,884134374,977264153,259.4,2024-04-09,EU680087,EU813816,340.39,24.99,2024-08-30,FI9926,AC9211565,11893.85,2024Q1
302,821982047,900591017,219.33,2024-03-25,EU293369,EU529410,283.26,22.53,2024-03-20,FI3946,AC3567498,6432.45,2024Q1
303,941907837,116376532,223.51,2024-08-15,EU544007,EU220762,358.73,6.1,2024-03-03,FI4539,AC5032169,6599.19,2024Q2
304,879125499,606048442,535.18,2024-05-05,EU733336,EU701579,390.63,15.47,2024-02-08,FI4217,AC3159032,5997.61,2024Q2
305,214826225,299857413,211.59,2024-03-27,EU712728,EU194246,502.28,12.29,2024-04-16,FI3378,AC4482026,2358.94,2024Q2
306,190254909,400637622,394.22,2024-02-25,EU179562,EU370717,330.81,13.66,2024-04-26,FI2036,AC3046520,5818.09,2024Q2
307,952512606,798077052,339.92,2024-03-05,EU828209,EU444327,262.38,25.44,2024-02-02,FI2718,AC1433405,5396.25,2024Q1
308,250288462,609053695,335.89,2024-06-25,EU722289,EU647119,249.93,19.4,2024-07-23,FI4745,AC5149882,5053.0,2024Q1
309,746238060,357236387,168.41,2024-08-02,EU223152,EU909819,548.25,17.71,2024-04-30,FI6003,AC1208885,3692.08,2024Q3
310,387951275,371264040,398.78,2024-05-01,EU547308,EU247231,489.85,16.17,2024-08-18,FI8572,AC7628979,8191.9,2024Q3
311,141989708,195390980,541.29,2024-04-21,EU825005,,267.42,15.71,2024-01-10,FI1467,AC1617981,10663.24,2024Q3
312,911908465,531811995,292.17,2024-07-29,EU431200,EU494508,305.95,18.07,2024-05-14,FI9211,AC1697428,7748.8,2024Q3
313,788064122,458961672,162.04,2024-02-20,EU645750,,93.4,21.6,2024-01-15,FI8315,AC3494495,-279.76,2024Q3
314,415370906,669497665,106.29,2024-01-29,EU543245,EU269298,68.35,24.89,2024-04-30,FI3278,AC1243101,9795.6,2024Q3
315,926816480,888453634,328.61,2024-01-18,EU377569,EU694958,439.01,14.2,2024-06-18,FI7430,AC2915957,566.54,2024Q3
316,186407548,166349742,259.2,2024-05-07,EU495180,EU445707,133.92,16.33,2024-08-18,FI7642,AC6529851,6398.57,2024Q3
317,548871403,257815275,284.34,2024-05-23,EU341537,EU301999,147.67,29.15,2024-01-23,FI7934,AC4934112,3163.53,2024Q2
318,714387553,403509581,301.77,2024-04-05,EU600976,EU371915,330.72,24.24,2024-08-31,FI9750,AC4444176,3432.19,2024Q2
319,651371272,606159880,78.66,2024-02-05,EU683258,EU398514,381.03,9.92,2024-06-06,FI8632,AC9412576,4129.02,2024Q2
320,995887028,586235541,417.22,2024-04-25,EU864923,EU628849,79.44,23.48,2024-08-22,FI2990,AC4683492,9329.98,2024Q2
321,985991006,321400203,335.15,2024-08-29,EU533019,EU654434,227.65,15.91,2024-01-06,FI6407,AC4659760,6885.68,2024Q1
322,824600527,545186112,288.81,2024-04-01,EU801865,EU304018,253.73,17.93,2024-01-26,FI3083,AC9181272,2078.66,2024Q1
323,988547734,751341834,334.78,2024-05-25,EU761151,EU904270,342.56,22.38,2024-07-04,FI8792,AC8131560,2396.67,2024Q1
324,435409336,740289649,438.92,2024-07-06,EU519308,EU478304,249.64,16.61,2024-05-29,FI1525,AC5954743,7519.81,2024Q2
325,559032098,596593313,308.01,2024-01-10,EU791440,EU177488,364.56,13.79,2024-06-14,FI4962,AC7038488,3861.61,2024Q3
326,272500748,571150623,172.46,2024-05-10,EU864419,EU437933,237.71,25.94,2024-02-08,FI8803,AC9015718,6457.88,2024Q3
327,613188100,658969739,474.93,2024-01-10,EU217132,EU426557,380.24,21.09,2024-06-09,FI3783,AC1397018,2623.51,2024Q1
328,649482540,691350815,235.0,2024-07-13,EU519015,EU509015,329.39,24.29,2024-01-06,FI4147,AC7169885,2992.74,2024Q2
329,430687764,475935972,191.18,2024-08-29,EU335534,EU304488,300.04,20.02,2024-04-14,FI5359,AC8750112,425.76,2024Q3
330,963626027,804310049,65.7,2024-01-29,EU322895,EU230895,378.81,20.75,2024-06-24,FI1487,AC8876006,4973.79,2024Q1
331,213031442,392016194,301.19,2024-03-11,EU980095,EU696393,448.23,21.5,2024-07-23,FI8439,AC5785245,4630.09,2024Q3
332,918473144,418474443,142.85,2024-06-27,EU506010,EU974774,197.17,21.14,2024-03-28,FI9477,AC1903629,8051.86,2024Q2
333,107760533,755685622,222.13,2024-06-30,EU816583,EU554740,254.25,21.85,2024-02-20,FI3255,AC7550210,5116.41,2024Q3
334,403474610,341253881,367.39,2024-06-17,EU437479,EU623715,353.5,19.71,2024-03-08,FI5625,AC9348001,3821.06,2024Q2
335,841324921,168334713,304.99,2024-02-04,EU348281,EU501137,342.62,24.4,2024-06-25,FI5302,AC5989933,5073.55,2024Q3
336,322305686,610607842,452.44,2024-07-10,EU610080,EU174635,133.87,14.42,2024-08-20,FI8317,AC1697329,6295.11,2024Q1
337,669131026,876385215,345.77,2024-07-12,EU663548,EU247584,329.17,19.89,2024-06-06,FI9523,AC3928153,8811.09,2024Q1
338,107965637,654366033,239.42,2024-08-28,EU489875,EU483872,221.67,26.31,2024-04-10,FI2792,AC9676442,3710.57,2024Q3
339,744796263,525054341,250.54,2024-04-02,EU886117,EU866394,100.31,14.12,2024-05-05,FI7838,AC7434409,3302.46,2024Q3
340,860090871,654774127,223.89,2024-04-18,EU504839,EU699497,315.04,18.87,2024-06-23,FI1967,AC2148902,9592.87,2024Q1
341,510689541,631290555,396.96,2024-03-29,EU730488,EU764112,239.12,19.43,2024-02-11,FI5628,AC4767392,2190.56,2024Q1
342,265037701,842287199,303.22,2024-02-03,EU768872,EU469422,368.87,18.32,2024-06-03,FI1525,AC8505296,6198.02,2024Q3
343,108390470,351944078,238.36,2024-04-17,EU475894,EU992010,518.0,16.14,2024-08-08,FI1136,AC8946904,5780.28,2024Q1
344,263278303,269258486,426.74,2024-05-05,EU467723,EU130061,440.49,20.79,2024-01-05,FI3643,AC3402208,5480.35,2024Q1
345,364850589,705936760,314.44,2024-08-02,EU722312,EU382485,355.62,23.62,2024-05-02,FI1371,AC1865810,3981.24,2024Q1
346,150550160,388222929,230.17,2024-06-24,EU637685,EU311636,134.39,22.96,2024-05-28,FI8953,AC5119962,2315.33,2024Q2
347,942998702,836447958,73.14,2024-05-09,EU437930,EU563750,137.8,20.49,2024-07-07,FI1597,AC8561655,7491.89,2024Q1
348,126528836,558679696,365.62,2024-06-06,EU394766,EU173727,51.95,25.66,2024-07-16,FI6797,AC4509937,5837.41,2024Q3
349,544784878,974320752,335.81,2024-02-12,EU730811,,426.81,25.46,2024-02-22,FI7194,AC5447269,2442.79,2024Q2
350,261404621,985533445,307.7,2024-04-22,EU149100,EU869010,290.71,16.24,2024-05-16,FI9675,AC9532557,3273.67,2024Q2
351,957724354,367352945,234.89,2024-04-27,EU255027,EU190196,359.04,21.3,2024-01-01,FI4712,AC1503999,3702.46,2024Q3
352,840320140,817196711,174.98,2024-07-04,EU638945,,250.75,15.56,2024-07-04,FI1363,AC6609472,3524.19,2024Q3
353,635644982,696375676,266.0,2024-07-17,EU497425,EU155518,245.14,18.51,2024-02-01,FI6644,AC5664448,37.69,2024Q2
354,688218365,462274644,334.71,2024-08-14,EU208420,EU867977,196.43,19.1,2024-07-07,FI2181,AC3379148,-2255.42,2024Q3
355,771948891,279402876,280.82,2024-06-11,EU704324,EU412800,294.68,16.55,2024-07-05,FI6910,AC2788896,12793.23,2024Q1
356,117867771,887558274,278.29,2024-02-08,EU817087,EU245635,145.53,17.39,2024-02-20,FI5845,AC5406017,3954.34,2024Q3
357,731060919,588391044,229.77,2024-01-31,EU381369,EU655962,138.82,19.49,2024-06-21,FI9204,AC6887091,7398.88,2024Q3
358,730115344,840081390,350.84,2024-07-02,EU684392,EU561014,193.26,20.71,2024-07-17,FI9974,AC4168511,2048.7,2024Q2
359,257488508,639974881,335.04,2024-06-24,EU863779,EU429896,24.16,14.85,2024-05-17,FI2082,AC1998430,-719.92,2024Q3
360,982115205,322836583,187.14,2024-02-15,EU290603,EU806491,462.91,18.82,2024-02-03,FI4417,AC9923646,7043.81,2024Q2
361,195330408,602368819,414.04,2024-06-02,EU311058,EU264269,378.29,23.37,2024-08-18,FI1167,AC8579351,6537.14,2024Q1
362,850010973,100028000,418.7,2024-01-24,EU820960,EU365353,64.25,20.67,2024-01-05,FI9505,AC4081835,4936.22,2024Q2
363,154204489,560152280,422.04,2024-08-17,EU251936,EU542913,303.95,19.28,2024-01-24,FI8754,AC2102689,12069.53,2024Q2
364,502169260,651618225,280.4,2024-08-19,EU863733,EU279223,78.93,16.34,2024-08-29,FI1382,AC9392418,354.1,2024Q3
365,569209783,413573174,270.88,2024-02-27,EU681834,EU535012,159.23,16.44,2024-01-31,FI4140,AC1401580,9396.19,2024Q2
366,270203431,322221194,126.12,2024-02-04,EU532047,EU776395,151.22,27.29,2024-08-11,FI7703,AC9269589,5350.96,2024Q1
367,736921038,141843728,413.2,2024-01-09,EU445806,EU710243,465.45,9.69,2024-08-24,FI4113,AC5934022,2489.96,2024Q3
368,992044478,554546857,20.37,2024-07-08,EU366076,EU343064,289.39,14.69,2024-08-29,FI7539,AC1299964,2205.68,2024Q2
369,395257474,755701367,241.36,2024-05-16,EU483922,EU163252,139.41,17.8,2024-01-21,FI4314,AC6623277,870.26,2024Q2
370,686273110,468833835,249.02,2024-04-24,EU397772,EU555269,312.21,25.15,2024-06-16,FI1978,AC4149095,4296.0,2024Q2
371,175539697,258082490,428.43,2024-04-09,EU720652,EU593703,244.73,13.41,2024-03-05,FI1760,AC5979920,2857.55,2024Q3
372,147608622,221215635,299.91,2024-07-22,EU284711,EU974768,94.38,15.11,2024-02-10,FI9198,AC4550871,4090.36,2024Q3
373,894121481,607603730,155.33,2024-06-29,EU898697,EU238524,220.71,25.92,2024-02-27,FI2678,AC6107149,5920.75,2024Q3
374,907582371,890188972,85.99,2024-02-27,EU137086,EU469895,334.5,18.67,2024-06-06,FI8477,AC6222669,-1334.16,2024Q3
375,359231247,825277394,190.63,2024-09-06,EU475965,,370.82,10.9,2024-05-15,FI8969,AC6318211,6920.63,2024Q2
376,347624596,858227968,315.99,2024-02-13,EU949486,EU146660,145.41,23.03,2024-01-27,FI1907,AC5009970,6518.38,2024Q3
377,490987424,881450233,308.26,2024-04-23,EU512980,EU988638,94.29,19.04,2024-07-28,FI2067,AC6831391,2454.33,2024Q1
378,656926869,466674989,270.36,2024-05-04,EU664629,EU993736,207.44,24.79,2024-03-14,FI7127,AC8310537,3444.7,2024Q2
379,512527814,455959061,197.35,2024-02-25,EU148647,EU279148,138.72,18.96,2024-06-19,FI4451,AC9366820,3318.18,2024Q2
380,871362260,291222544,268.48,2024-05-18,EU963592,EU449160,362.81,17.06,2024-07-04,FI9784,AC2052998,11342.6,2024Q1
381,494728320,659284690,449.66,2024-06-29,EU980973,EU928750,372.46,16.13,2024-03-17,FI6254,AC2707877,3268.26,2024Q1
382,957264340,194971151,134.94,2024-01-22,EU945827,EU649160,328.23,17.14,2024-08-13,FI1465,AC7492507,1638.9,2024Q1
383,725390113,257881706,305.05,2024-06-02,EU115548,EU435716,269.96,19.04,2024-01-17,FI3942,AC4598156,3451.9,2024Q2
384,699848469,420542684,542.79,2024-08-20,EU842946,EU305658,317.44,26.95,2024-01-03,FI9647,AC1485597,4671.68,2024Q3
385,795122187,229934739,383.15,2024-07-02,EU742730,EU564067,182.45,26.75,2024-04-20,FI8670,AC5003247,6509.88,2024Q3
386,936712751,641570762,231.61,2024-02-26,EU484370,EU184086,421.3,17.34,2024-02-15,FI9760,AC3012255,6519.95,2024Q3
387,145026443,608558319,399.15,2024-06-22,EU123072,EU161008,323.09,12.16,2024-03-03,FI7472,AC9369669,5718.65,2024Q2
388,549731620,309175541,187.2,2024-05-17,EU819276,EU258967,271.44,16.34,2024-01-25,FI8472,AC6399111,10082.91,2024Q2
389,149473992,618147563,301.06,2024-04-06,EU520433,EU552990,208.82,19.97,2024-01-26,FI9663,AC4704348,7147.47,2024Q3
390,894156781,216265561,533.11,2024-03-16,EU777017,EU504395,176.37,21.87,2024-03-18,FI5799,AC6205402,6404.25,2024Q1
391,109604779,878929984,584.12,2024-02-28,EU287138,EU774843,342.46,19.33,2024-01-02,FI1955,AC5329226,788.62,2024Q1
392,387307517,584059736,43.71,2024-06-19,EU802003,EU957220,329.8,20.8,2024-06-17,FI3103,AC5091525,6832.11,2024Q2
393,905255879,359939872,405.01,2024-06-15,EU379402,EU551362,145.5,33.0,2024-07-24,FI8616,AC4095551,5284.73,2024Q2
394,656413749,969741095,592.29,2024-08-12,EU555603,EU395636,249.07,18.53,2024-08-23,FI4107,AC4261041,9832.09,2024Q2
395,854559751,758500558,218.2,2024-06-17,EU466615,EU292907,72.3,18.63,2024-05-26,FI1963,AC1070818,3736.61,2024Q1
396,252130835,711960442,338.85,2024-03-15,EU232393,EU477729,393.16,20.4,2024-06-28,FI7970,AC7203319,6806.77,2024Q1
397,208781543,960380199,526.09,2024-04-05,EU258013,EU109770,377.6,22.99,2024-03-23,FI9934,AC3218258,7705.93,2024Q2
398,725688406,417015950,226.12,2024-05-17,EU972560,EU376281,166.8,22.83,2024-03-24,FI6491,AC3074278,3459.34,2024Q2
399,379395629,523462427,367.8,2024-07-21,EU481734,EU366521,181.17,29.62,2024-02-04,FI9388,AC6075906,5114.97,2024Q1
400,431899314,867791539,291.12,2024-05-12,EU892987,EU668329,54.76,15.13,2024-02-23,FI3780,AC4435966,6020.94,2024Q3
401,331164131,171172849,11.19,2024-01-23,EU951159,EU495660,16.69,23.97,2024-04-10,FI6848,AC2668131,4334.4,2024Q3
402,446626942,784060400,351.92,2024-07-31,EU259298,EU384607,386.55,21.46,2024-05-07,FI9005,AC6252608,7484.69,2024Q3
403,269104929,729443330,272.38,2024-08-21,EU995637,EU445997,202.46,24.39,2024-04-19,FI5329,AC7198617,6999.26,2024Q3
404,379300872,774470390,439.22,2024-03-22,EU247261,EU455001,86.99,14.38,2024-06-23,FI4765,AC2937202,1377.98,2024Q2
405,156879988,863783377,614.01,2024-03-29,EU355383,EU232007,126.39,17.85,2024-06-01,FI7059,AC8586923,2079.82,2024Q1
406,263304143,436155320,402.58,2024-07-30,EU176532,EU387042,278.24,6.81,2024-03-07,FI6895,AC1389629,4250.34,2024Q2
407,653412554,157938561,244.89,2024-01-30,EU176996,EU678398,242.66,28.6,2024-04-02,FI6990,AC3975409,5545.54,2024Q3
408,396134418,204073710,367.52,2024-02-19,EU653841,EU925808,280.08,25.62,2024-01-17,FI4946,AC5439444,11638.03,2024Q1
409,136891611,872554562,330.27,2024-08-20,EU739477,EU604242,308.19,12.47,2024-01-10,FI7764,AC9585771,9628.61,2024Q3
410,516210513,166281714,453.45,2024-02-11,EU329980,EU960525,189.56,15.73,2024-07-19,FI2073,AC7356199,5781.96,2024Q3
411,629278938,680832286,84.18,2024-03-17,EU309848,EU131731,85.76,21.77,2024-02-03,FI8335,AC5665081,7109.42,2024Q3
412,835529063,571418071,125.05,2024-03-28,EU759378,EU866859,231.82,23.31,2024-04-29,FI6851,AC9923174,6833.22,2024Q1
413,872099968,422751216,6.78,2024-02-14,EU836774,EU350182,174.57,23.02,2024-06-05,FI7991,AC2602067,6243.9,2024Q2
414,711334728,288959556,391.06,2024-06-11,EU620276,EU511016,271.91,18.39,2024-03-01,FI3589,AC6512454,2522.59,2024Q1
415,624391309,693858348,297.15,2024-02-10,EU199337,EU512039,158.83,26.84,2024-01-13,FI7444,AC3775043,2651.13,2024Q1
416,467084696,198499172,203.98,2024-06-17,EU655512,EU381733,192.12,19.91,2024-05-19,FI3593,AC5739828,596.0,2024Q3
417,497933836,790947998,191.21,2024-05-30,EU102618,EU484769,100.1,22.15,2024-04-22,FI6717,AC5882934,4110.08,2024Q1
418,526694321,344879440,214.17,2024-05-14,EU299972,EU961662,146.34,20.62,2024-03-18,FI8256,AC7105809,6613.29,2024Q3
419,671030754,900572485,160.83,2024-06-05,EU843161,EU752023,222.93,23.38,2024-03-19,FI4135,AC8841144,7551.61,2024Q2
420,728156611,892659636,251.79,2024-05-29,EU441807,EU883933,352.71,20.33,2024-04-28,FI9796,AC7302446,10054.94,2024Q3
421,232629628,631927719,225.87,2024-05-01,EU949943,EU102133,266.83,29.02,2024-07-09,FI7264,AC5688936,1236.58,2024Q2
422,359822176,240289773,508.5,2024-05-10,EU956158,,49.84,14.31,2024-06-22,FI4239,AC5183571,2803.28,2024Q3
423,191927258,195987137,348.5,2024-07-29,EU247851,,462.41,16.75,2024-03-12,FI4840,AC4275908,9139.49,2024Q1
424,117408337,384403930,177.22,2024-07-10,EU501669,EU510096,507.39,25.67,2024-06-06,FI9575,AC5793390,5390.49,2024Q3
425,702232523,127388256,212.42,2024-05-12,EU672267,EU400164,274.8,12.99,2024-07-08,FI8472,AC1029678,2841.08,2024Q2
426,283101569,656630831,479.84,2024-01-24,EU262073,EU599135,468.11,15.13,2024-08-02,FI5848,AC1603383,5997.03,2024Q1
427,974063653,220471290,367.86,2024-01-09,EU355561,EU471848,435.96,12.53,2024-05-27,FI2341,AC1537065,5088.44,2024Q1
428,991630373,651831167,344.28,2024-07-24,EU549923,EU940188,208.42,20.14,2024-04-04,FI3419,AC2775753,4719.84,2024Q1
429,276567222,877682509,408.1,2024-01-30,EU608142,EU134136,201.16,20.51,2024-04-12,FI8425,AC3668046,6031.09,2024Q3
430,724345584,152348199,537.92,2024-06-03,EU769695,EU374749,295.25,13.88,2024-02-20,FI1224,AC8133497,4876.66,2024Q2
431,302851273,808475787,117.4,2024-03-19,EU855578,EU865807,195.81,15.35,2024-07-17,FI5454,AC6790092,7016.77,2024Q2
432,345902171,293288997,188.15,2024-02-14,EU858983,EU246123,80.03,22.74,2024-03-27,FI6816,AC7277123,3404.06,2024Q1
433,346177323,657883702,38.91,2024-02-07,EU811722,EU345530,235.5,30.19,2024-03-09,FI8197,AC2785641,1453.21,2024Q3
434,178830770,327165784,374.23,2024-04-12,EU340014,EU834067,182.96,24.11,2024-04-19,FI1530,AC3864728,2413.61,2024Q2
435,434625620,543966362,243.18,2024-06-04,EU829607,,4.23,15.41,2024-01-22,FI4169,AC8455090,2451.18,2024Q3
436,251497839,788708564,199.22,2024-07-29,EU576165,EU591212,189.21,14.55,2024-01-24,FI2864,AC8193553,6384.69,2024Q1
437,353286536,782133408,185.67,2024-08-31,EU991941,EU404742,284.11,18.16,2024-08-22,FI8679,AC7920105,6481.73,2024Q1
438,115111930,867853990,403.7,2024-07-19,EU554144,EU530538,314.88,19.02,2024-03-02,FI7286,AC6775926,7357.39,2024Q1
439,470359870,712486265,278.69,2024-02-15,EU691608,EU775930,155.8,21.44,2024-01-29,FI7547,AC7120388,4513.35,2024Q2
440,365174100,822898227,220.42,2024-05-20,EU103962,EU935024,87.82,18.81,2024-08-17,FI2305,AC1151152,1425.31,2024Q1
441,455597625,793747164,488.3,2024-03-23,EU735146,EU613596,436.84,13.75,2024-03-17,FI2036,AC6853272,6819.55,2024Q1
442,719099519,584928129,143.09,2024-06-22,EU916397,,205.88,27.01,2024-03-21,FI4102,AC9007095,6265.07,2024Q2
443,650003632,994963116,110.34,2024-01-04,EU794123,EU176908,298.63,29.73,2024-04-06,FI3440,AC6759395,4491.22,2024Q1
444,522028746,374893642,689.2,2024-07-30,EU522259,EU864218,173.18,18.58,2024-04-08,FI1772,AC7351004,1026.71,2024Q3
445,473809406,280943871,244.84,2024-03-20,EU448458,EU477186,314.12,16.16,2024-08-26,FI3550,AC6073495,9404.16,2024Q1
446,596988054,633307952,218.48,2024-07-01,EU605711,EU412167,269.42,23.9,2024-07-19,FI5327,AC7816771,4644.31,2024Q3
447,325922755,673103464,190.89,2024-06-29,EU713980,EU501691,179.96,14.12,2024-02-09,FI6454,AC2933482,1409.95,2024Q3
448,648750249,231986434,279.47,2024-01-18,EU522704,EU245777,388.34,14.53,2024-08-04,FI3832,AC8048901,-590.17,2024Q1
449,828770229,978145311,417.41,2024-05-03,EU120596,EU925232,210.6,19.44,2024-03-13,FI4743,AC2902138,5868.68,2024Q1
450,619153743,225907943,413.02,2024-03-05,EU939338,EU455658,386.69,25.03,2024-03-29,FI7904,AC1008842,1964.94,2024Q3
451,550384884,464908703,381.61,2024-04-21,EU594850,EU836272,36.19,20.23,2024-03-16,FI7584,AC2968144,4794.1,2024Q1
452,578738861,983374513,258.21,2024-04-05,EU252416,EU230433,327.78,30.19,2024-01-15,FI9270,AC5722187,8734.22,2024Q1
453,550385510,994461455,76.49,2024-03-12,EU521388,EU223085,140.17,18.86,2024-02-25,FI7449,AC9164639,4573.68,2024Q2
454,643451465,767574957,342.44,2024-03-28,EU471974,EU412543,331.93,14.59,2024-05-26,FI7783,AC7251146,4310.46,2024Q3
455,370457705,912927737,527.82,2024-06-23,EU218453,EU579720,284.4,15.76,2024-04-08,FI1369,AC1212271,-426.9,2024Q1
456,431973673,766555270,460.39,2024-08-06,EU561857,EU683214,256.64,17.47,2024-05-05,FI9881,AC2620022,7462.12,2024Q2
457,633135652,407897849,274.76,2024-08-21,EU265374,EU417097,380.85,19.26,2024-01-21,FI9224,AC4363033,7568.2,2024Q2
458,696951464,981382996,420.38,2024-04-03,EU650639,EU961677,259.48,19.47,2024-03-29,FI6052,AC4220792,7175.71,2024Q1
459,923315212,978029462,242.18,2024-08-23,EU942031,EU545364,454.91,23.46,2024-02-25,FI8326,AC3964319,1933.72,2024Q3
460,718423650,165133457,291.73,2024-04-12,EU937364,EU501518,176.23,18.59,2024-04-02,FI2713,AC3879380,6207.22,2024Q2
461,880737188,664013599,114.85,2024-07-01,EU123655,EU910092,101.76,10.24,2024-07-27,FI9519,AC6053327,2550.55,2024Q1
462,439515222,233240263,252.69,2024-04-09,EU926483,EU697497,37.37,23.81,2024-08-02,FI7312,AC7777528,2073.7,2024Q3
463,872739781,664841770,321.08,2024-05-16,EU172590,EU537827,315.92,15.25,2024-01-07,FI7379,AC4722358,2629.99,2024Q2
464,355690811,271308891,274.64,2024-03-15,EU127087,EU154020,175.0,15.26,2024-03-31,FI6167,AC5732324,1893.89,2024Q1
465,602728015,342683237,415.49,2024-05-27,EU369092,EU760131,239.8,24.9,2024-03-16,FI6343,AC8592326,7938.37,2024Q2
466,842885541,571411709,582.55,2024-05-10,EU969942,EU851576,124.94,15.76,2024-02-22,FI1114,AC7284694,4643.36,2024Q2
467,669222230,514275487,498.25,2024-03-03,EU349496,EU132909,287.19,23.34,2024-02-29,FI3377,AC8454246,7431.05,2024Q3
468,766869422,334154298,254.26,2024-04-24,EU232429,EU703860,170.66,22.22,2024-08-31,FI3381,AC1845126,10971.73,2024Q2
469,761952526,978244262,190.32,2024-04-29,EU130406,EU212892,203.99,18.28,2024-08-02,FI2851,AC9642125,7691.27,2024Q1
470,787338468,453649841,202.1,2024-02-15,EU713160,EU737890,248.31,22.15,2024-07-29,FI6845,AC8193908,6864.12,2024Q2
471,525921171,613858286,153.33,2024-01-19,EU874317,EU847143,199.17,27.02,2024-06-08,FI5114,AC2714130,1363.34,2024Q1
472,306215346,813283968,305.1,2024-03-27,EU422323,EU836298,290.72,17.41,2024-03-06,FI7560,AC4836174,775.87,2024Q2
473,742423077,272909335,363.17,2024-02-22,EU401145,EU468189,104.42,24.42,2024-05-16,FI2084,AC1100741,-742.85,2024Q3
474,970149433,621219680,327.46,2024-06-21,EU943447,EU295767,311.39,18.14,2024-07-04,FI5553,AC4024351,3051.54,2024Q3
475,808569582,367588615,329.05,2024-07-04,EU154010,EU717651,272.01,18.25,2024-05-25,FI7458,AC6212739,2988.51,2024Q2
476,866452055,955532800,323.73,2024-08-29,EU825986,EU412667,167.87,23.32,2024-01-14,FI3965,AC4293033,3782.9,2024Q3
477,219658053,421344827,280.19,2024-04-06,EU241770,EU408240,352.22,20.24,2024-02-29,FI3060,AC8785405,3319.33,2024Q2
478,471898072,558200222,188.65,2024-06-28,EU153981,EU120772,55.31,20.26,2024-05-17,FI7315,AC4065328,10229.6,2024Q1
479,679239179,240451803,558.7,2024-08-11,EU246334,EU101183,5.64,13.94,2024-03-22,FI2893,AC5845050,7629.74,2024Q2
480,802866970,958628579,457.13,2024-08-16,EU476904,EU752358,264.36,26.69,2024-06-07,FI6526,AC1158569,8394.83,2024Q2
481,877909538,285010426,163.76,2024-01-24,EU927346,EU561241,391.78,22.65,2024-01-02,FI7799,AC2991288,1068.12,2024Q2
482,229731152,181597360,164.21,2024-01-21,EU891473,EU814174,229.5,27.53,2024-06-17,FI5181,AC8241291,5171.38,2024Q2
483,291436585,566235796,212.06,2024-01-26,EU155279,EU428238,406.92,23.33,2024-07-25,FI2558,AC8372713,-927.37,2024Q1
484,285413459,934316480,304.95,2024-05-11,EU667763,EU831629,117.93,24.38,2024-03-26,FI8836,AC9684522,7000.84,2024Q1
485,846489634,168045627,488.86,2024-07-23,EU912848,EU726563,405.55,19.93,2024-07-23,FI5887,AC8806619,9136.05,2024Q3
486,877194431,374982632,452.23,2024-07-14,EU908181,EU631134,207.02,27.24,2024-05-20,FI1504,AC9337244,2452.09,2024Q3
487,564825162,247754486,460.16,2024-03-12,EU717664,EU528302,23.84,12.59,2024-06-18,FI3809,AC4782586,6406.06,2024Q1
488,911174724,525791686,463.18,2024-02-13,EU547012,,392.47,22.53,2024-07-20,FI4451,AC1780672,8174.85,2024Q3
489,163680004,997681570,465.96,2024-08-07,EU354126,EU472587,177.58,16.82,2024-01-05,FI6295,AC9017691,4277.54,2024Q3
490,201825128,615393392,410.5,2024-03-03,EU197770,EU721842,337.62,16.82,2024-04-02,FI5101,AC8069037,3373.22,2024Q1
491,666130823,753276849,368.18,2024-03-21,EU227327,EU393842,259.86,26.46,2024-03-08,FI6493,AC3957315,1029.63,2024Q2
492,497635818,837618509,282.14,2024-07-22,EU613404,EU778247,335.26,16.38,2024-04-24,FI8708,AC9611051,3892.65,2024Q2
493,195603514,317512301,38.43,2024-02-01,EU522959,EU488745,318.27,16.91,2024-02-01,FI3190,AC3175091,5194.82,2024Q3
494,555520880,389707036,280.62,2024-01-17,EU569207,EU392740,327.23,18.66,2024-02-18,FI7183,AC1996153,7926.26,2024Q2
495,212425218,820955268,570.3,2024-02-08,EU552153,EU879066,399.48,17.36,2024-06-06,FI5964,AC5015635,7845.32,2024Q2
496,740916263,896595193,219.01,2024-05-12,EU424025,EU534790,358.95,13.61,2024-02-12,FI1841,AC5415039,2870.5,2024Q3
497,498013368,827678142,206.15,2024-01-04,EU926811,EU109672,165.02,17.14,2024-07-09,FI5710,AC4525278,4898.58,2024Q3
498,792348746,283271727,452.61,2024-08-06,EU292552,EU531686,252.0,13.08,2024-02-19,FI4805,AC2734219,8738.52,2024Q1
499,326584413,711319956,312.09,2024-03-19,EU358697,EU551350,456.51,16.3,2024-08-21,FI6052,AC9904157,4038.53,2024Q1
500,924671748,158084647,227.99,2024-02-22,EU161443,EU165846,224.29,20.29,2024-03-24,FI1979,AC2438303,4398.46,2024Q1
